Beckhardt Brandon,22,24,32
Gabriel Alvarado,11,25,29
Sean Senters,19,23,26
Jordan Nolff,1,17,34
Cameron Foreman,0,2,4,38
Kevin Baker,7,15,20,31
Modi Akash,6,13,30,33
Dennis Zaremski,9,21,27
Chris Turner,3,14,16,36,37
Eddie Penev,5,8,12,18
Misiolek Andrew,10,28,35
Kaitlyn Lo,39,41,44,55
Cassie Churnside,40,43,47
Kaley Dodson,45,51,54,59
Pallavi Menon,42,58,60
Kiley Neushul,46,49,52,57
Kate Baldoni,48,50,53,62
Jillian Garton,56,61
Ho Daniel,70,73,74,83
Tsodikov Anthony,67,80,87
Strobel Trey,63,75,82,86
Ball Jamin,68,84
Morrissey John,65,72,79
Stineman Robert,66,76,81
Romanowicz Maciek,69,71,78
Nolan Paige,64,77,85
Ashley Morgan,97,109,111,112
Shona Morgan,98,101
Taylor Rice,95,102,103
Wing Rebecca,92,110
Kristina Vaculik,91,105,106
Samantha Shapiro,94,99
Nicole Dayton,89,108,113
Ivana Hong,88,96,100,107
Alex Archer,90,93,104
Bauer Maddie,124,131,141
Farr Hannah,117,147,148
Cox Siobhan,118,129,135
Verloo Courtney,121,122,126
Liedle Laura,125,130,134,146
Uhl Taylor,139,142
Walker-Hartshorn Ryan,123,137
Rosen Haley,136,138,144
Ubogagu Chioma,114,120,145
LaBonta Lo'eau,119,140
Payne Sydney,116,133
Romine Kendall,115,127,132
Doll Alex,128,143
Wopat Carly,150,158,165
Ajanaku Inky,155,156,167
Burgess Jordan,157,160,162
Howard Brittany,149,153,159
Gilbert Kyle,152,163,168
Bugg Madi,151,161,164
Williams Rachel,154,166
Lauren Becker,169,183,191
Maddie Secco,171,174,175,187
Shannon Herold,172,176,193
Hope Burke,178,184,186,190
Kelsey Harbin,180,192,194
Katie Mitchell,173,181,188
Alex McCawley,179,182,185
Courtney Haldeman,170,177,189
Steven Irvin,195,198,205
Brian Cook,196,207,208
Evan Barry,199,201,203,204
Brad Lawson,197,200,209
Denny Falls,202,206
Forrest Watkins,211,214,216
Alex Avery,220,224,225,234
Hunter Ploch,233,236
Alex Bowen,210,217,221
Scott Platshon,218,219,226
Conner Cleary,212,215,227
Ian Gamble,228,231,238
BJ Churnside,213,223,232
Bret Bonanni,222,229,235,237
Andrew LaForge,230
Timmy Boone,251,253,264
Alan Yen,242,249,263,266
Ryan Mango,241,250,258,259
Bret Baumbach,245,246,255,257
Spence Patrick,244,247,248,265
Dan Scherer,240,252,256,260
Alex Manley,239,254,261
Donovan Halpin,243,262