1,http://s5.postimg.org/mvi56794j/ec50k_00120004.jpg
2,http://s5.postimg.org/qhnyiufhv/ec50k_00120006.jpg
3,http://s5.postimg.org/eng7l7h83/ec50k_00120002.jpg
4,http://s5.postimg.org/ct7yh7jlf/ec50k_00120010.jpg
5,http://s5.postimg.org/5w96qxxwz/ec50k_00120005.jpg
6,http://s5.postimg.org/mb343ifw3/ec50k_00120008.jpg
7,http://s5.postimg.org/saqv760oj/ec50k_00120007.jpg
8,http://s5.postimg.org/jkts6bj77/ec50k_00120001.jpg
9,http://s5.postimg.org/bun016gvn/ec50k_00120003.jpg
10,http://s5.postimg.org/jiehx84xf/ec50k_00120009.jpg
11,http://s5.postimg.org/4tf93b6r7/ec50k_00060003.jpg
12,http://s5.postimg.org/9pivv06wj/ec50k_00060001.jpg
13,http://s5.postimg.org/gns1y2bcj/ec50k_00060008.jpg
14,http://s5.postimg.org/8ktvmqqr7/ec50k_00060010.jpg
15,http://s5.postimg.org/orv45org3/ec50k_00060006.jpg
16,http://s5.postimg.org/i6ng31hwz/ec50k_00060011.jpg
17,http://s5.postimg.org/l5pat1l2r/ec50k_00060004.jpg
18,http://s5.postimg.org/vpz8bmpkj/ec50k_00060002.jpg
19,http://s5.postimg.org/yk7fm6y2b/ec50k_00060013.jpg
20,http://s5.postimg.org/3oq8v1qlv/ec50k_00060012.jpg
21,http://s5.postimg.org/c35vj4rn7/ec50k_00060009.jpg
22,http://s5.postimg.org/qky0u0cmr/ec50k_00060007.jpg
23,http://s5.postimg.org/j2evldl9v/ec50k_00060005.jpg
24,http://s5.postimg.org/4ev1dtzoz/ec50k_00020007.jpg
25,http://s5.postimg.org/f2ysco9o3/ec50k_00020008.jpg
26,http://s5.postimg.org/cht7p5kab/ec50k_00020005.jpg
27,http://s5.postimg.org/qac7yj0fn/ec50k_00020014.jpg
28,http://s5.postimg.org/9jrnhpn8z/ec50k_00020002.jpg
29,http://s5.postimg.org/ytvlwa8s3/ec50k_00020015.jpg
30,http://s5.postimg.org/bpv53p5gz/ec50k_00020013.jpg
31,http://s5.postimg.org/vo6esc0s3/ec50k_00020006.jpg
32,http://s5.postimg.org/v8v4zbeur/ec50k_00020004.jpg
33,http://s5.postimg.org/4vg909ng3/ec50k_00020010.jpg
34,http://s5.postimg.org/ufij6p8tv/ec50k_00020011.jpg
35,http://s5.postimg.org/f0ji3kveb/ec50k_00020016.jpg
36,http://s5.postimg.org/w4rmeroj7/ec50k_00020009.jpg
37,http://s5.postimg.org/u412txsdv/ec50k_00020012.jpg
38,http://s5.postimg.org/uutszpur7/ec50k_00020003.jpg
39,http://s5.postimg.org/6oekauj8z/ec50k_00020001.jpg
40,http://s5.postimg.org/6l7prawoj/ec50k_00040001.jpg
41,http://s5.postimg.org/odt9z6dwz/ec50k_00040003.jpg
42,http://s5.postimg.org/ldh0wdrzn/ec50k_00040008.jpg
43,http://s5.postimg.org/85i5acnw3/ec50k_00040016.jpg
44,http://s5.postimg.org/96daetm2b/ec50k_00040004.jpg
45,http://s5.postimg.org/xcsj3oxkj/ec50k_00040006.jpg
46,http://s5.postimg.org/vfr7ldhir/ec50k_00040002.jpg
47,http://s5.postimg.org/ocnxji1gz/ec50k_00040012.jpg
48,http://s5.postimg.org/ak9invapf/ec50k_00040013.jpg
49,http://s5.postimg.org/v5oafrsab/ec50k_00040014.jpg
50,http://s5.postimg.org/4yn3jta0j/ec50k_00040015.jpg
51,http://s5.postimg.org/q0n2y5fcj/ec50k_00040009.jpg
52,http://s5.postimg.org/v0kj63kz7/ec50k_00040010.jpg
53,http://s5.postimg.org/56aqgbkz7/ec50k_00040011.jpg
54,http://s5.postimg.org/60soom3g3/ec50k_00040005.jpg
55,http://s5.postimg.org/7iiqdwxkj/ec50k_00040007.jpg
56,http://s5.postimg.org/x0c7i12b7/ec50k_00110006.jpg
57,http://s5.postimg.org/9xq9wlq7n/ec50k_00110015.jpg
58,http://s5.postimg.org/dskh7oulv/ec50k_00110004.jpg
59,http://s5.postimg.org/d9jzc5skz/ec50k_00110009.jpg
60,http://s5.postimg.org/4i8d45jw3/ec50k_00110002.jpg
61,http://s5.postimg.org/xajq1dgxf/ec50k_00110014.jpg
62,http://s5.postimg.org/j2u1cq48j/ec50k_00110013.jpg
63,http://s5.postimg.org/ttm9c578z/ec50k_00110016.jpg
64,http://s5.postimg.org/7wv4y14oj/ec50k_00110008.jpg
65,http://s5.postimg.org/8xvdn5lo3/ec50k_00110007.jpg
66,http://s5.postimg.org/spxjmfx83/ec50k_00110005.jpg
67,http://s5.postimg.org/ybfdcr8j7/ec50k_00110003.jpg
68,http://s5.postimg.org/bk6aqcnhv/ec50k_00110001.jpg
69,http://s5.postimg.org/nyxo4f4dv/ec50k_00110011.jpg
70,http://s5.postimg.org/im8tqaghf/ec50k_00110010.jpg
71,http://s5.postimg.org/ic1b6y1v7/ec50k_00110012.jpg
72,http://s5.postimg.org/8c0wak3cj/ec50k_00070010.jpg
73,http://s5.postimg.org/wibjlopgz/ec50k_00070012.jpg
74,http://s5.postimg.org/c0qla1ddf/ec50k_00070014.jpg
75,http://s5.postimg.org/j6mxq8bub/ec50k_00070016.jpg
76,http://s5.postimg.org/o7pqdutwz/ec50k_00070008.jpg
77,http://s5.postimg.org/4nb7b2tbn/ec50k_00070006.jpg
78,http://s5.postimg.org/sbm3sm0hf/ec50k_00070004.jpg
79,http://s5.postimg.org/tbceobfn7/ec50k_00070002.jpg
80,http://s5.postimg.org/x6ke4mo6r/ec50k_00070011.jpg
81,http://s5.postimg.org/dm5v1unlf/ec50k_00070009.jpg
82,http://s5.postimg.org/ax6gy2sqb/ec50k_00070013.jpg
83,http://s5.postimg.org/xe8114z5f/ec50k_00070007.jpg
84,http://s5.postimg.org/t2o0pvhmb/ec50k_00070015.jpg
85,http://s5.postimg.org/6du8ckaur/ec50k_00070005.jpg
86,http://s5.postimg.org/4bycc229f/ec50k_00070017.jpg
87,http://s5.postimg.org/5lmyzmh9v/ec50k_00070003.jpg
88,http://s5.postimg.org/cz2cyl1bn/ec50k_00070001.jpg
89,http://s5.postimg.org/6vtz65ptf/ec50k_00080002.jpg
90,http://s5.postimg.org/vew0ngu7n/ec50k_00080004.jpg
91,http://s5.postimg.org/4jlz8kd83/ec50k_00080006.jpg
92,http://s5.postimg.org/5bt8li6sz/ec50k_00080008.jpg
93,http://s5.postimg.org/rqfifgyyb/ec50k_00080020.jpg
94,http://s5.postimg.org/ejq2fy38z/ec50k_00080018.jpg
95,http://s5.postimg.org/9v5h70ooj/ec50k_00080016.jpg
96,http://s5.postimg.org/hlc9c5r03/ec50k_00080014.jpg
97,http://s5.postimg.org/m4ohxo8vn/ec50k_00080012.jpg
98,http://s5.postimg.org/63vwkpb03/ec50k_00080010.jpg
99,http://s5.postimg.org/reovb83qr/ec50k_00080001.jpg
100,http://s5.postimg.org/6s9chdz3n/ec50k_00080019.jpg
101,http://s5.postimg.org/4fs5sb7qr/ec50k_00080003.jpg
102,http://s5.postimg.org/cqikdvsoj/ec50k_00080017.jpg
103,http://s5.postimg.org/vsxcn2eb7/ec50k_00080005.jpg
104,http://s5.postimg.org/quefm9zw3/ec50k_00080015.jpg
105,http://s5.postimg.org/7rqgllzhv/ec50k_00080007.jpg
106,http://s5.postimg.org/kqwv2d9mb/ec50k_00080013.jpg
107,http://s5.postimg.org/uj44lr9wz/ec50k_00080009.jpg
108,http://s5.postimg.org/8z8zrkf03/ec50k_00080011.jpg
109,http://s5.postimg.org/swkfh0l4j/ec50k_00130004.jpg
110,http://s5.postimg.org/n5u93ad4j/ec50k_00130002.jpg
111,http://s5.postimg.org/jvf2uw1yr/ec50k_00130019.jpg
112,http://s5.postimg.org/48emq19f7/ec50k_00130008.jpg
113,http://s5.postimg.org/i0t1lo06r/ec50k_00130007.jpg
114,http://s5.postimg.org/9cf35pzar/ec50k_00130022.jpg
115,http://s5.postimg.org/ce1a1xn1v/ec50k_00130018.jpg
116,http://s5.postimg.org/bfkwzn9pv/ec50k_00130011.jpg
117,http://s5.postimg.org/mmtr7rb3n/ec50k_00130017.jpg
118,http://s5.postimg.org/htelgn3zn/ec50k_00130021.jpg
119,http://s5.postimg.org/6ynyn8643/ec50k_00130005.jpg
120,http://s5.postimg.org/bs7ps32lv/ec50k_00130001.jpg
121,http://s5.postimg.org/nla4a1ofn/ec50k_00130014.jpg
122,http://s5.postimg.org/ywcryevar/ec50k_00130013.jpg
123,http://s5.postimg.org/y9dv8vyer/ec50k_00130015.jpg
124,http://s5.postimg.org/b1jl01pmb/ec50k_00130010.jpg
125,http://s5.postimg.org/kxknzoveb/ec50k_00130009.jpg
126,http://s5.postimg.org/o0gspbkz7/ec50k_00130006.jpg
127,http://s5.postimg.org/t6wje3p4j/ec50k_00130012.jpg
128,http://s5.postimg.org/jrgo0w73n/ec50k_00130016.jpg
129,http://s5.postimg.org/rt0b520hf/ec50k_00130003.jpg
130,http://s5.postimg.org/x0ul0zvub/ec50k_00130020.jpg
131,http://s5.postimg.org/u1cltczcj/ec50k_00010028.jpg
132,http://s5.postimg.org/lckv86ub7/ec50k_00010013.jpg
133,http://s5.postimg.org/delussrn7/ec50k_00010009.jpg
134,http://s5.postimg.org/4u1pt3w8j/ec50k_00010027.jpg
135,http://s5.postimg.org/cqd09usxf/ec50k_00010010.jpg
136,http://s5.postimg.org/89tu2ntgz/ec50k_00010024.jpg
137,http://s5.postimg.org/epy7f0cmr/ec50k_00010016.jpg
138,http://s5.postimg.org/66jeuzto3/ec50k_00010025.jpg
139,http://s5.postimg.org/f014km1v7/ec50k_00010004.jpg
140,http://s5.postimg.org/t07rqhsz7/ec50k_00010019.jpg
141,http://s5.postimg.org/5r851z7qr/ec50k_00010023.jpg
142,http://s5.postimg.org/cf05au1v7/ec50k_00010011.jpg
143,http://s5.postimg.org/5d6t2dnn7/ec50k_00010022.jpg
144,http://s5.postimg.org/hjwreppf7/ec50k_00010006.jpg
145,http://s5.postimg.org/7szfoqqyb/ec50k_00010001.jpg
146,http://s5.postimg.org/cf4qokr8z/ec50k_00010021.jpg
147,http://s5.postimg.org/pf7atiz1v/ec50k_00010008.jpg
148,http://s5.postimg.org/iz7iux59v/ec50k_00010026.jpg
149,http://s5.postimg.org/fqyg44tmb/ec50k_00010015.jpg
150,http://s5.postimg.org/eyr6r701f/ec50k_00010003.jpg
151,http://s5.postimg.org/7y36yey9f/ec50k_00010005.jpg
152,http://s5.postimg.org/xd1pv6cc3/ec50k_00010002.jpg
153,http://s5.postimg.org/cmns7cctv/ec50k_00010017.jpg
154,http://s5.postimg.org/l67653l6b/ec50k_00010018.jpg
155,http://s5.postimg.org/y057yfylv/ec50k_00010020.jpg
156,http://s5.postimg.org/4h14vfz77/ec50k_00010007.jpg
157,http://s5.postimg.org/b18ifj2lv/ec50k_00010012.jpg
158,http://s5.postimg.org/cityr37cj/ec50k_00010014.jpg
159,http://s5.postimg.org/42m0qmayb/ec50k_00030031.jpg
160,http://s5.postimg.org/t3ema1fjn/ec50k_00030017.jpg
161,http://s5.postimg.org/o37zalv5f/ec50k_00030006.jpg
162,http://s5.postimg.org/5euj10tmb/ec50k_00030009.jpg
163,http://s5.postimg.org/g6s3g492r/ec50k_00030013.jpg
164,http://s5.postimg.org/n3qv6dur7/ec50k_00030018.jpg
165,http://s5.postimg.org/3s0q21s6r/ec50k_00030003.jpg
166,http://s5.postimg.org/wk7hlizub/ec50k_00030005.jpg
167,http://s5.postimg.org/hn87c01df/ec50k_00030024.jpg
168,http://s5.postimg.org/nfcwww0kz/ec50k_00030027.jpg
169,http://s5.postimg.org/r2o2p7jeb/ec50k_00030020.jpg
170,http://s5.postimg.org/6q6vn8elv/ec50k_00030026.jpg
171,http://s5.postimg.org/xinuntd6b/ec50k_00030002.jpg
172,http://s5.postimg.org/g37grcicz/ec50k_00030030.jpg
173,http://s5.postimg.org/frc89cxrn/ec50k_00030001.jpg
174,http://s5.postimg.org/5cane6pyr/ec50k_00030007.jpg
175,http://s5.postimg.org/ac83m4vlf/ec50k_00030008.jpg
176,http://s5.postimg.org/ij9a570fn/ec50k_00030029.jpg
177,http://s5.postimg.org/dznus73sj/ec50k_00030011.jpg
178,http://s5.postimg.org/ha7mec4c3/ec50k_00030004.jpg
179,http://s5.postimg.org/y75vy8qnn/ec50k_00030021.jpg
180,http://s5.postimg.org/kty5hvwfn/ec50k_00030014.jpg
181,http://s5.postimg.org/5vfqnghdf/ec50k_00030012.jpg
182,http://s5.postimg.org/s2iyynnxv/ec50k_00030028.jpg
183,http://s5.postimg.org/3n65juzn7/ec50k_00030019.jpg
184,http://s5.postimg.org/5isxv0ohf/ec50k_00030022.jpg
185,http://s5.postimg.org/t0q59gmib/ec50k_00030015.jpg
186,http://s5.postimg.org/4kcksqb5f/ec50k_00030025.jpg
187,http://s5.postimg.org/7bvujc9o3/ec50k_00030023.jpg
188,http://s5.postimg.org/yq6dtrsoj/ec50k_00030016.jpg
189,http://s5.postimg.org/b4arlbzsj/ec50k_00030010.jpg
190,http://s5.postimg.org/l5iv9szxv/ec50k_00150025.jpg
191,http://s5.postimg.org/ehm9n7gfn/ec50k_00150027.jpg
192,http://s5.postimg.org/7pmnsvcoj/ec50k_00150006.jpg
193,http://s5.postimg.org/yes6w5zar/ec50k_00150019.jpg
194,http://s5.postimg.org/3lqae4643/ec50k_00150010.jpg
195,http://s5.postimg.org/v1fcvpgc3/ec50k_00150014.jpg
196,http://s5.postimg.org/kfqw5ykmr/ec50k_00150005.jpg
197,http://s5.postimg.org/fp07ff6k3/ec50k_00150021.jpg
198,http://s5.postimg.org/tdxnx9y43/ec50k_00150002.jpg
199,http://s5.postimg.org/ihy0d6wab/ec50k_00150030.jpg
200,http://s5.postimg.org/43gug86b7/ec50k_00150004.jpg
201,http://s5.postimg.org/yl5vz98fn/ec50k_00150024.jpg
202,http://s5.postimg.org/gl9jxcmib/ec50k_00150001.jpg
203,http://s5.postimg.org/n15nkyos3/ec50k_00150028.jpg
204,http://s5.postimg.org/xhh69jyer/ec50k_00150013.jpg
205,http://s5.postimg.org/oc8tfov03/ec50k_00150015.jpg
206,http://s5.postimg.org/iukt5mp6b/ec50k_00150020.jpg
207,http://s5.postimg.org/58k3d37jn/ec50k_00150026.jpg
208,http://s5.postimg.org/426wmt4hf/ec50k_00150003.jpg
209,http://s5.postimg.org/yoqio0z5f/ec50k_00150007.jpg
210,http://s5.postimg.org/gks3h4qur/ec50k_00150016.jpg
211,http://s5.postimg.org/5nqrsd437/ec50k_00150018.jpg
212,http://s5.postimg.org/u82r33ab7/ec50k_00150011.jpg
213,http://s5.postimg.org/4cs7bdn8z/ec50k_00150031.jpg
214,http://s5.postimg.org/xmkxj85pv/ec50k_00150017.jpg
215,http://s5.postimg.org/l93hykqnn/ec50k_00150008.jpg
216,http://s5.postimg.org/f0mriqigj/ec50k_00150012.jpg
217,http://s5.postimg.org/c7y5cg7hv/ec50k_00150023.jpg
218,http://s5.postimg.org/xt380248j/ec50k_00150022.jpg
219,http://s5.postimg.org/s17p6njsj/ec50k_00150029.jpg
220,http://s5.postimg.org/5c9bflnn7/ec50k_00150009.jpg
221,http://s5.postimg.org/ir3e8h90z/ec50k_00100032.jpg
222,http://s5.postimg.org/4jdpjtwc3/ec50k_00100031.jpg
223,http://s5.postimg.org/f9wa8e3n7/ec50k_00100013.jpg
224,http://s5.postimg.org/vnbodsuer/ec50k_00100005.jpg
225,http://s5.postimg.org/r441611wz/ec50k_00100017.jpg
226,http://s5.postimg.org/5fesd0veb/ec50k_00100036.jpg
227,http://s5.postimg.org/5vvelptrn/ec50k_00100029.jpg
228,http://s5.postimg.org/qh0j2rfn7/ec50k_00100009.jpg
229,http://s5.postimg.org/nkdi2h9tf/ec50k_00100007.jpg
230,http://s5.postimg.org/suigtru2b/ec50k_00100006.jpg
231,http://s5.postimg.org/mbl133shf/ec50k_00100002.jpg
232,http://s5.postimg.org/rahq94b1v/ec50k_00100022.jpg
233,http://s5.postimg.org/lsu6ifm5v/ec50k_00100028.jpg
234,http://s5.postimg.org/80appop2r/ec50k_00100018.jpg
235,http://s5.postimg.org/3l1xva8dv/ec50k_00100034.jpg
236,http://s5.postimg.org/fqmjrxxpv/ec50k_00100027.jpg
237,http://s5.postimg.org/m1i3xi38z/ec50k_00100004.jpg
238,http://s5.postimg.org/uk5sqfuur/ec50k_00100035.jpg
239,http://s5.postimg.org/fp7k1epkj/ec50k_00100015.jpg
240,http://s5.postimg.org/b8k8zuho3/ec50k_00100030.jpg
241,http://s5.postimg.org/bjs21r2er/ec50k_00100008.jpg
242,http://s5.postimg.org/tg7fpvp4j/ec50k_00100003.jpg
243,http://s5.postimg.org/wvzjzfmcz/ec50k_00100010.jpg
244,http://s5.postimg.org/vq9sp8j5f/ec50k_00100038.jpg
245,http://s5.postimg.org/gg0a76rxv/ec50k_00100016.jpg
246,http://s5.postimg.org/7dbt05s6r/ec50k_00100020.jpg
247,http://s5.postimg.org/6mj2udptf/ec50k_00100019.jpg
248,http://s5.postimg.org/7l937iyur/ec50k_00100037.jpg
249,http://s5.postimg.org/4premx5gz/ec50k_00100026.jpg
250,http://s5.postimg.org/5mo6kxl9v/ec50k_00100011.jpg
251,http://s5.postimg.org/p4nfem7lf/ec50k_00100021.jpg
252,http://s5.postimg.org/vjw3m5a0j/ec50k_00100033.jpg
253,http://s5.postimg.org/yc6h3tzw3/ec50k_00100001.jpg
254,http://s5.postimg.org/wnbmkd59v/ec50k_00100024.jpg
255,http://s5.postimg.org/z5xbl1r03/ec50k_00100025.jpg
256,http://s5.postimg.org/60pikj5df/ec50k_00100012.jpg
257,http://s5.postimg.org/uwnjlrhf7/ec50k_00100014.jpg
258,http://s5.postimg.org/49670hhpv/ec50k_00100023.jpg
259,http://s5.postimg.org/4n7zjgir7/ec50k_00140038.jpg
260,http://s5.postimg.org/9yd8tb94j/ec50k_00140017.jpg
261,http://s5.postimg.org/b0s0plhbn/ec50k_00140027.jpg
262,http://s5.postimg.org/5keesbu9f/ec50k_00140044.jpg
263,http://s5.postimg.org/ee09cbawj/ec50k_00140032.jpg
264,http://s5.postimg.org/svjof2y2b/ec50k_00140001.jpg
265,http://s5.postimg.org/q0b6lyjg3/ec50k_00140010.jpg
266,http://s5.postimg.org/rzwdr435f/ec50k_00140026.jpg
267,http://s5.postimg.org/6il4jrbw3/ec50k_00140020.jpg
268,http://s5.postimg.org/r59u52var/ec50k_00140022.jpg
269,http://s5.postimg.org/4040wtfjn/ec50k_00140029.jpg
270,http://s5.postimg.org/9eyysk2yb/ec50k_00140002.jpg
271,http://s5.postimg.org/hpyk5m2nn/ec50k_00140036.jpg
272,http://s5.postimg.org/60gscf7jn/ec50k_00140006.jpg
273,http://s5.postimg.org/dpi81vxf7/ec50k_00140013.jpg
274,http://s5.postimg.org/oya6uwfeb/ec50k_00140030.jpg
275,http://s5.postimg.org/z0fs65fjn/ec50k_00140014.jpg
276,http://s5.postimg.org/bwfbdkc8j/ec50k_00140012.jpg
277,http://s5.postimg.org/knmc7tvjn/ec50k_00140009.jpg
278,http://s5.postimg.org/64tfv0nhv/ec50k_00140040.jpg
279,http://s5.postimg.org/d1dywoo37/ec50k_00140024.jpg
280,http://s5.postimg.org/x3xaq69yr/ec50k_00140041.jpg
281,http://s5.postimg.org/oqmjye4fn/ec50k_00140034.jpg
282,http://s5.postimg.org/m5cdx4po3/ec50k_00140021.jpg
283,http://s5.postimg.org/qna3bhgc3/ec50k_00140008.jpg
284,http://s5.postimg.org/uxtcktasz/ec50k_00140019.jpg
285,http://s5.postimg.org/mocvsnroz/ec50k_00140016.jpg
286,http://s5.postimg.org/f9nk0a5tf/ec50k_00140007.jpg
287,http://s5.postimg.org/6ww3u7roz/ec50k_00140042.jpg
288,http://s5.postimg.org/5j4gywsfn/ec50k_00140043.jpg
289,http://s5.postimg.org/e52omdy43/ec50k_00140035.jpg
290,http://s5.postimg.org/cnh8attdf/ec50k_00140033.jpg
291,http://s5.postimg.org/pcbiuhzhv/ec50k_00140031.jpg
292,http://s5.postimg.org/3ur2vntgz/ec50k_00140015.jpg
293,http://s5.postimg.org/z1ubdb6r7/ec50k_00140025.jpg
294,http://s5.postimg.org/ferb9yd4j/ec50k_00140011.jpg
295,http://s5.postimg.org/gxi416ub7/ec50k_00140004.jpg
296,http://s5.postimg.org/4hukyxfqr/ec50k_00140023.jpg
297,http://s5.postimg.org/rj1zd70mr/ec50k_00140003.jpg
298,http://s5.postimg.org/qw32no3qr/ec50k_00140005.jpg
299,http://s5.postimg.org/acj66nilv/ec50k_00140028.jpg
300,http://s5.postimg.org/4ohxcvkkz/ec50k_00140039.jpg
301,http://s5.postimg.org/7v2tln9bn/ec50k_00140018.jpg
302,http://s5.postimg.org/8v2rs7k6r/ec50k_00140037.jpg
303,http://s5.postimg.org/m3nacd4vn/ec50k_00050053.jpg
304,http://s5.postimg.org/5f47zf1tf/ec50k_00050092.jpg
305,http://s5.postimg.org/e4ixhaprn/ec50k_00050058.jpg
306,http://s5.postimg.org/wifog1xwz/ec50k_00050027.jpg
307,http://s5.postimg.org/i3tx5cik3/ec50k_00050080.jpg
308,http://s5.postimg.org/keisi1ek3/ec50k_00050065.jpg
309,http://s5.postimg.org/ru49yly43/ec50k_00050035.jpg
310,http://s5.postimg.org/4fiihgc1f/ec50k_00050005.jpg
311,http://s5.postimg.org/z7f2jtss3/ec50k_00050023.jpg
312,http://s5.postimg.org/4mel3iepf/ec50k_00050040.jpg
313,http://s5.postimg.org/h3ufi5omr/ec50k_00050062.jpg
314,http://s5.postimg.org/n6kfrm6lv/ec50k_00050004.jpg
315,http://s5.postimg.org/gm3vg1ofn/ec50k_00050078.jpg
316,http://s5.postimg.org/jnlgyimsz/ec50k_00050054.jpg
317,http://s5.postimg.org/p1b2ekxrn/ec50k_00050036.jpg
318,http://s5.postimg.org/z6wp0uz8z/ec50k_00050082.jpg
319,http://s5.postimg.org/a4kywje2b/ec50k_00050075.jpg
320,http://s5.postimg.org/9cdpjlkhf/ec50k_00050063.jpg
321,http://s5.postimg.org/3x9kwdib7/ec50k_00050070.jpg
322,http://s5.postimg.org/4ug058ttf/ec50k_00050076.jpg
323,http://s5.postimg.org/ce937an03/ec50k_00050079.jpg
324,http://s5.postimg.org/qhvro7fg3/ec50k_00050057.jpg
325,http://s5.postimg.org/vvgrqj10z/ec50k_00050029.jpg
326,http://s5.postimg.org/4o2b25koj/ec50k_00050071.jpg
327,http://s5.postimg.org/6adqi5skz/ec50k_00050047.jpg
328,http://s5.postimg.org/vzxk3hpf7/ec50k_00050072.jpg
329,http://s5.postimg.org/h6nhwh71v/ec50k_00050084.jpg
330,http://s5.postimg.org/t1reib303/ec50k_00050059.jpg
331,http://s5.postimg.org/osr9tvp4j/ec50k_00050069.jpg
332,http://s5.postimg.org/jdijswxkj/ec50k_00050066.jpg
333,http://s5.postimg.org/958g6231v/ec50k_00050008.jpg
334,http://s5.postimg.org/84csuobg3/ec50k_00050019.jpg
335,http://s5.postimg.org/lmoakpcz7/ec50k_00050020.jpg
336,http://s5.postimg.org/4z1dvy7lf/ec50k_00050030.jpg
337,http://s5.postimg.org/sfxu8gik3/ec50k_00050042.jpg
338,http://s5.postimg.org/lu2qpq96b/ec50k_00050006.jpg
339,http://s5.postimg.org/ae0x5fkdv/ec50k_00050013.jpg
340,http://s5.postimg.org/6p6ms7kz7/ec50k_00050009.jpg
341,http://s5.postimg.org/q3c25n1tf/ec50k_00050016.jpg
342,http://s5.postimg.org/x6oiyzwmr/ec50k_00050026.jpg
343,http://s5.postimg.org/8ie4u9vjn/ec50k_00050010.jpg
344,http://s5.postimg.org/hirx5y6er/ec50k_00050034.jpg
345,http://s5.postimg.org/sskn0wbg3/ec50k_00050032.jpg
346,http://s5.postimg.org/whexe4aur/ec50k_00050046.jpg
347,http://s5.postimg.org/f50sngd83/ec50k_00050017.jpg
348,http://s5.postimg.org/6s8vy0i5v/ec50k_00050041.jpg
349,http://s5.postimg.org/6oxg0q67n/ec50k_00050088.jpg
350,http://s5.postimg.org/9hqnkr6k3/ec50k_00050087.jpg
351,http://s5.postimg.org/ysm69s0dv/ec50k_00050061.jpg
352,http://s5.postimg.org/oyi009fcj/ec50k_00050014.jpg
353,http://s5.postimg.org/54niol8fn/ec50k_00050074.jpg
354,http://s5.postimg.org/3ysph9ywj/ec50k_00050091.jpg
355,http://s5.postimg.org/h58ypbfub/ec50k_00050073.jpg
356,http://s5.postimg.org/4675mav3n/ec50k_00050077.jpg
357,http://s5.postimg.org/dg5hkm1o3/ec50k_00050049.jpg
358,http://s5.postimg.org/cigosrwmr/ec50k_00050003.jpg
359,http://s5.postimg.org/sjigx899v/ec50k_00050025.jpg
360,http://s5.postimg.org/hyq5vob8z/ec50k_00050086.jpg
361,http://s5.postimg.org/mzf6e2p6b/ec50k_00050048.jpg
362,http://s5.postimg.org/iumnb4kxf/ec50k_00050081.jpg
363,http://s5.postimg.org/etjcaows3/ec50k_00050018.jpg
364,http://s5.postimg.org/tbby4xypf/ec50k_00050007.jpg
365,http://s5.postimg.org/6wbw5r2er/ec50k_00050064.jpg
366,http://s5.postimg.org/4tanpkhdf/ec50k_00050085.jpg
367,http://s5.postimg.org/8654726sz/ec50k_00050050.jpg
368,http://s5.postimg.org/3ul3vsp9v/ec50k_00050068.jpg
369,http://s5.postimg.org/m1zkdpywj/ec50k_00050022.jpg
370,http://s5.postimg.org/xfqp2nysz/ec50k_00050033.jpg
371,http://s5.postimg.org/49wdotb77/ec50k_00050060.jpg
372,http://s5.postimg.org/pgmc7ljoz/ec50k_00050038.jpg
373,http://s5.postimg.org/ip9p9yyur/ec50k_00050067.jpg
374,http://s5.postimg.org/rwo5lg1rn/ec50k_00050037.jpg
375,http://s5.postimg.org/9agstgzqr/ec50k_00050012.jpg
376,http://s5.postimg.org/l7d0ror1v/ec50k_00050028.jpg
377,http://s5.postimg.org/nsilf7gfn/ec50k_00050021.jpg
378,http://s5.postimg.org/4nt4ao5wz/ec50k_00050051.jpg
379,http://s5.postimg.org/oa95hbgmr/ec50k_00050015.jpg
380,http://s5.postimg.org/koh49weer/ec50k_00050043.jpg
381,http://s5.postimg.org/i47pakmpf/ec50k_00050011.jpg
382,http://s5.postimg.org/qtd80yvw3/ec50k_00050056.jpg
383,http://s5.postimg.org/q9gkh8w6r/ec50k_00050090.jpg
384,http://s5.postimg.org/fzwj0yzub/ec50k_00050031.jpg
385,http://s5.postimg.org/n6tmj3ldf/ec50k_00050024.jpg
386,http://s5.postimg.org/8urqv89o3/ec50k_00050089.jpg
387,http://s5.postimg.org/hiwijovsj/ec50k_00050044.jpg
388,http://s5.postimg.org/ubp7xcws3/ec50k_00050055.jpg
389,http://s5.postimg.org/9nqkimbjn/ec50k_00050052.jpg
390,http://s5.postimg.org/i433wtxbn/ec50k_00050001.jpg
391,http://s5.postimg.org/sbzfegnoz/ec50k_00050039.jpg
392,http://s5.postimg.org/8ktf3d9tf/ec50k_00050002.jpg
393,http://s5.postimg.org/6kl91i777/ec50k_00050045.jpg
394,http://s5.postimg.org/uz1ws3xtf/ec50k_00050083.jpg
395,http://s5.postimg.org/j1jmzxlgz/ec50k_00090085.jpg
396,http://s5.postimg.org/aapxripdf/ec50k_00090008.jpg
397,http://s5.postimg.org/roe0blotv/ec50k_00090038.jpg
398,http://s5.postimg.org/scwi5ej8z/ec50k_00090058.jpg
399,http://s5.postimg.org/ovgnx7g1f/ec50k_00090129.jpg
400,http://s5.postimg.org/fgwy86voz/ec50k_00090104.jpg
401,http://s5.postimg.org/6ctxu04qb/ec50k_00090097.jpg
402,http://s5.postimg.org/lk0qmvhtf/ec50k_00090076.jpg
403,http://s5.postimg.org/6yw8byn03/ec50k_00090024.jpg
404,http://s5.postimg.org/qrzlwk2k3/ec50k_00090103.jpg
405,http://s5.postimg.org/6gwhid81f/ec50k_00090010.jpg
406,http://s5.postimg.org/4xwyj0t0z/ec50k_00090107.jpg
407,http://s5.postimg.org/7zwh133zn/ec50k_00090023.jpg
408,http://s5.postimg.org/lesdzgl4j/ec50k_00090062.jpg
409,http://s5.postimg.org/4clb8rl6b/ec50k_00090030.jpg
410,http://s5.postimg.org/4ww7h35yr/ec50k_00090126.jpg
411,http://s5.postimg.org/ub7rh514j/ec50k_00090073.jpg
412,http://s5.postimg.org/60b9vxkab/ec50k_00090017.jpg
413,http://s5.postimg.org/fotbct4hf/ec50k_00090020.jpg
414,http://s5.postimg.org/bh34hssfn/ec50k_00090031.jpg
415,http://s5.postimg.org/97aetau43/ec50k_00090027.jpg
416,http://s5.postimg.org/i222cc44z/ec50k_00090007.jpg
417,http://s5.postimg.org/7z0bcw6b7/ec50k_00090052.jpg
418,http://s5.postimg.org/vwn18ybcj/ec50k_00090068.jpg
419,http://s5.postimg.org/7b5pijsoj/ec50k_00090084.jpg
420,http://s5.postimg.org/aqon0mb5f/ec50k_00090061.jpg
421,http://s5.postimg.org/oc2dwg9v7/ec50k_00090114.jpg
422,http://s5.postimg.org/sxpbdbgmr/ec50k_00090094.jpg
423,http://s5.postimg.org/b1n9b1h4j/ec50k_00090019.jpg
424,http://s5.postimg.org/z6ofc4icz/ec50k_00090120.jpg
425,http://s5.postimg.org/jmud7fvg3/ec50k_00090051.jpg
426,http://s5.postimg.org/wwv94933n/ec50k_00090016.jpg
427,http://s5.postimg.org/6sizs8usz/ec50k_00090119.jpg
428,http://s5.postimg.org/4oq71m1gz/ec50k_00090080.jpg
429,http://s5.postimg.org/9mqa025f7/ec50k_00090029.jpg
430,http://s5.postimg.org/oeqednlyr/ec50k_00090026.jpg
431,http://s5.postimg.org/x6y69usc3/ec50k_00090004.jpg
432,http://s5.postimg.org/wajrut62b/ec50k_00090059.jpg
433,http://s5.postimg.org/qx7yjyz8z/ec50k_00090117.jpg
434,http://s5.postimg.org/8vy0dnjzn/ec50k_00090128.jpg
435,http://s5.postimg.org/btclody43/ec50k_00090091.jpg
436,http://s5.postimg.org/du7qmyjn7/ec50k_00090098.jpg
437,http://s5.postimg.org/r0jeh9b77/ec50k_00090070.jpg
438,http://s5.postimg.org/yifkt6jn7/ec50k_00090121.jpg
439,http://s5.postimg.org/4gfl8e7lf/ec50k_00090133.jpg
440,http://s5.postimg.org/5c7ha3rw3/ec50k_00090118.jpg
441,http://s5.postimg.org/g0ojusp2r/ec50k_00090049.jpg
442,http://s5.postimg.org/wmf0csqnn/ec50k_00090088.jpg
443,http://s5.postimg.org/of46ivq43/ec50k_00090056.jpg
444,http://s5.postimg.org/xw3n0d5o3/ec50k_00090074.jpg
445,http://s5.postimg.org/6kqaymdir/ec50k_00090013.jpg
446,http://s5.postimg.org/kspmy4lwz/ec50k_00090134.jpg
447,http://s5.postimg.org/4qdx097g3/ec50k_00090111.jpg
448,http://s5.postimg.org/fig2t3cab/ec50k_00090125.jpg
449,http://s5.postimg.org/v6ullqf3n/ec50k_00090057.jpg
450,http://s5.postimg.org/6wct8i0ab/ec50k_00090122.jpg
451,http://s5.postimg.org/6ib0piz8z/ec50k_00090021.jpg
452,http://s5.postimg.org/aauj59er7/ec50k_00090018.jpg
453,http://s5.postimg.org/6j31jcohf/ec50k_00090082.jpg
454,http://s5.postimg.org/71yy1514j/ec50k_00090067.jpg
455,http://s5.postimg.org/hisu8p4ab/ec50k_00090092.jpg
456,http://s5.postimg.org/lgy0xp3oz/ec50k_00090033.jpg
457,http://s5.postimg.org/sggoast0z/ec50k_00090040.jpg
458,http://s5.postimg.org/gkuupdkhf/ec50k_00090135.jpg
459,http://s5.postimg.org/4vuzvs1yr/ec50k_00090045.jpg
460,http://s5.postimg.org/805nskir7/ec50k_00090043.jpg
461,http://s5.postimg.org/z9qohxfjn/ec50k_00090063.jpg
462,http://s5.postimg.org/g5ezim96b/ec50k_00090123.jpg
463,http://s5.postimg.org/a69lxxhwz/ec50k_00090065.jpg
464,http://s5.postimg.org/qe7052gab/ec50k_00090022.jpg
465,http://s5.postimg.org/h97u2orn7/ec50k_00090044.jpg
466,http://s5.postimg.org/invmm6okz/ec50k_00090014.jpg
467,http://s5.postimg.org/6dgg7c6pf/ec50k_00090047.jpg
468,http://s5.postimg.org/7ck8ppjw3/ec50k_00090095.jpg
469,http://s5.postimg.org/cvi6t6rjn/ec50k_00090081.jpg
470,http://s5.postimg.org/82ky1nx0z/ec50k_00090035.jpg
471,http://s5.postimg.org/myar15alv/ec50k_00090115.jpg
472,http://s5.postimg.org/e7cgezp4j/ec50k_00090028.jpg
473,http://s5.postimg.org/llxnd02k3/ec50k_00090127.jpg
474,http://s5.postimg.org/55g01selv/ec50k_00090093.jpg
475,http://s5.postimg.org/cpr03fkdv/ec50k_00090036.jpg
476,http://s5.postimg.org/i60xppfxv/ec50k_00090110.jpg
477,http://s5.postimg.org/ey9ryigvn/ec50k_00090039.jpg
478,http://s5.postimg.org/gfr3fpd6b/ec50k_00090131.jpg
479,http://s5.postimg.org/oz1alz6r7/ec50k_00090112.jpg
480,http://s5.postimg.org/exe2tp04z/ec50k_00090069.jpg
481,http://s5.postimg.org/49ex8lfjn/ec50k_00090078.jpg
482,http://s5.postimg.org/i3h22vcab/ec50k_00090108.jpg
483,http://s5.postimg.org/eevyh4rn7/ec50k_00090124.jpg
484,http://s5.postimg.org/zez15cc8j/ec50k_00090077.jpg
485,http://s5.postimg.org/42dspf6k3/ec50k_00090032.jpg
486,http://s5.postimg.org/oe8he29df/ec50k_00090086.jpg
487,http://s5.postimg.org/q012rq6sz/ec50k_00090011.jpg
488,http://s5.postimg.org/dr0fk1g4z/ec50k_00090055.jpg
489,http://s5.postimg.org/k4309yj1v/ec50k_00090105.jpg
490,http://s5.postimg.org/db26ubbar/ec50k_00090003.jpg
491,http://s5.postimg.org/f307mc0z7/ec50k_00090113.jpg
492,http://s5.postimg.org/pyn03xwj7/ec50k_00090100.jpg
493,http://s5.postimg.org/5febtnegj/ec50k_00090071.jpg
494,http://s5.postimg.org/nlwmndqer/ec50k_00090064.jpg
495,http://s5.postimg.org/xz1asfdgz/ec50k_00090106.jpg
496,http://s5.postimg.org/rca1li6er/ec50k_00090089.jpg
497,http://s5.postimg.org/x0pj3vpir/ec50k_00090109.jpg
498,http://s5.postimg.org/c31a5e29f/ec50k_00090048.jpg
499,http://s5.postimg.org/5edkrpreb/ec50k_00090090.jpg
500,http://s5.postimg.org/ess8jm5f7/ec50k_00090015.jpg
501,http://s5.postimg.org/twa9tcjcj/ec50k_00090101.jpg
502,http://s5.postimg.org/4ew044a2b/ec50k_00090012.jpg
503,http://s5.postimg.org/3yy7xrm5v/ec50k_00090060.jpg
504,http://s5.postimg.org/5h21sakfn/ec50k_00090102.jpg
505,http://s5.postimg.org/6ik7h0e0j/ec50k_00090041.jpg
506,http://s5.postimg.org/vafotvmr7/ec50k_00090130.jpg
507,http://s5.postimg.org/tth7f10xf/ec50k_00090079.jpg
508,http://s5.postimg.org/l2iwsvfg3/ec50k_00090002.jpg
509,http://s5.postimg.org/ofif7hb77/ec50k_00090087.jpg
510,http://s5.postimg.org/wx919h78z/ec50k_00090046.jpg
511,http://s5.postimg.org/t9xvh5ofn/ec50k_00090053.jpg
512,http://s5.postimg.org/jnzpn47w3/ec50k_00090042.jpg
513,http://s5.postimg.org/5kvep68z7/ec50k_00090005.jpg
514,http://s5.postimg.org/7q7sk2zub/ec50k_00090066.jpg
515,http://s5.postimg.org/t6420wiyb/ec50k_00090050.jpg
516,http://s5.postimg.org/p451vne2b/ec50k_00090116.jpg
517,http://s5.postimg.org/ebp3xl52r/ec50k_00090072.jpg
518,http://s5.postimg.org/rh97hfoc3/ec50k_00090083.jpg
519,http://s5.postimg.org/t0dbuisqb/ec50k_00090006.jpg
520,http://s5.postimg.org/m9spqpx4j/ec50k_00090096.jpg
521,http://s5.postimg.org/mgajo6epf/ec50k_00090001.jpg
522,http://s5.postimg.org/abvqqkir7/ec50k_00090099.jpg
523,http://s5.postimg.org/qtw23b6cz/ec50k_00090054.jpg
524,http://s5.postimg.org/uq077tckz/ec50k_00090034.jpg
525,http://s5.postimg.org/nk8woqkfn/ec50k_00090132.jpg
526,http://s5.postimg.org/ljdb6shyr/ec50k_00090025.jpg
527,http://s5.postimg.org/oswbqzvg3/ec50k_00090037.jpg
528,http://s5.postimg.org/zcf5ii8kz/ec50k_00090075.jpg
529,http://s5.postimg.org/3yashomb7/ec50k_00090009.jpg
